1,0, our  Music Innovator has reached the top  the  charts united millions  fans around the world into  selfstyled ARMY shattered online viewing records and been part   major IPO Now BTS  preparing  release  new album  ,.@bts_bighit, our 2020 Music Innovator, has reached the top of the U.S. charts, united millions of fans around the world into a self-styled ARMY, shattered online viewing records and been part of a major IPO. Now BTS is preparing to release a new album. https://t.co/B6bzx11RzD https://t.co/mLgVRaznRp
2,0,Breaking Congressman Louie Ghomert has stated that The  Army has seized servers for Dominion  Germany,Breaking: Congressman Louie Ghomert has stated that The U.S. Army has seized servers for Dominion in Germany.
3,0,VICTORY Pennsylvania court rules  favor   noting that the antiTrump Secretary  State Kathy Boockvar exceeded her authority  trying  count ballots arriving AFTER Election DayArticle  Section   the  Constitution MATTERS,VICTORY ‚ÄºÔ∏è

Pennsylvania court rules in favor of @TeamTrump, noting that the anti-Trump Secretary of State Kathy Boockvar exceeded her authority in trying to count ballots arriving AFTER Election Day.

Article 1, Section 4 of the U.S. Constitution MATTERS!
https://t.co/ZZS1c3EUwQ
4,1,  dont wanna fight for your rights then dont cover other peoples mouth when they cry for theirs,if u don‚Äôt wanna fight for your rights, then don‚Äôt cover other people‚Äôs mouth when they cry for theirs.
5,1,pro tip dont cope  being sad  going  bed     will wake    feeling much sadder amp worse,pro tip dont cope w being sad by going to bed at 9 bc u will wake up at 1 feeling much sadder &amp; worse
6,0,Listen  Tintin Why didnt  never raised your voice when crackers are bursted  Stadiums after every match  Hypocrite Leave  religion alone dont give sermons start from your field first  ,Listen u Tintin ....Why didnt u never raised your voice when crackers are bursted in Stadiums after every match ...??? Hypocrite 
Leave my religion alone ..don't give sermons start from your field first ... https://t.co/CpppGQ5kaX
7,0,UATWT PLS REPLY AND  BEFORE ITS OVER  WANT  MEET  ALL,UATWT PLS REPLY AND RT BEFORE ITS OVER I WANT TO MEET U ALL
8,0,  send  shit without  asking its because  truly fuck with    person and musician ive met some dope ass ppl this past year ,if i send u shit without u asking its because i truly fuck with u as a person and musician. ive met some dope ass ppl this past year fr
9,1, modern baseball can  plz put how   tell  girl  want  kiss her  spotify  simply need      spotify playlist,mr modern baseball can u plz put how do i tell a girl i want to kiss her on spotify i simply need it 2 be in my spotify playlist
10,0,yall wake  and immediately turn  frank ocean like nigga did  even TRY   happy today,y‚Äôall wake up and immediately turn on frank ocean like nigga did u even TRY to be happy today?
11,0,  girl   National TVthe same NATIONAL  they said she did this amp that  celebrating herhmm this life its very deep  people still dont seem  understand itu see this girl will make  understand the philosophy  life ElitesXStarRadler ,So my girl is on National TV...the same "NATIONAL TV" they said she did this &amp; that, is celebrating her...hmm this life, it's very deep o, people still don't seem to understand it...u see this girl @EricaNlewedim
will make u understand the philosophy of lifeüôå #ElitesXStarRadler https://t.co/8ZAN7IeiIC
12,0,UnusAnnusisoverparty UnusAnnus wewerehere These men will forever hold  place   heart They will never know the impact theyve had   life   many ways both Ethan and Mark saved  life their videos gave  motivation  live another day  love you both thank  ,#UnusAnnusisoverparty #UnusAnnus #wewerehere These men will forever hold a place in my heart. They will never know the impact they've had on my life. In so many ways both Ethan and Mark saved my life, their videos gave me motivation to live another day. I love you both, thank u https://t.co/U6HBVTxVD5
13,0,Trump  the first sitting  President  receive more than  votes,Trump is the first sitting U.S. President to receive more than 72,000,000 votes.
14,0, our  Music Innovator has reached the top  the  charts united millions  fans around the world into  selfstyled ARMY shattered online viewing records and been part   major IPO Now BTS  preparing  release  new album  ,.@bts_bighit, our 2020 Music Innovator, has reached the top of the U.S. charts, united millions of fans around the world into a self-styled ARMY, shattered online viewing records and been part of a major IPO. Now BTS is preparing to release a new album. https://t.co/B6bzx11RzD https://t.co/mLgVRaznRp
1,0, just talked with  dead voter Shes alive amp well charming amp sharp   The presidents campaign said James  Blalock had voted even though  died    wasMrs James  Blalock She voted legally against Trump She first voted for FDR Intvw shortly  ,I just talked with a 'dead' voter. She's alive &amp; well, charming &amp; sharp at 96. The president's campaign said James E. Blalock had voted even though he died in 2006. It wasMrs. James E. Blalock. She voted legally against Trump. She first voted for FDR. Intvw shortly @11AliveNews https://t.co/K3N1KmJjaJ
