1,1, Lol hes such  fcking loser  
2,0,Next time you mention BIGGIE PAC and JayZ Make sure you din forget Weezy  Baby  
3,0,Hey looking  for partnerrelation ship Not only sexual orientation  build  relationship   precise   bdg 
4,0,Horde  PBs   amp  going east 
5,1,   sacrilegious  get    the chat 
6,0, these front lines with   DaPeoplesAssembly located  the Bronx Doing some dope work Break off some coins for them here   
7,0, had  unfollow someone who was fing retweeting  much kpop shit  like girl  have other friends who  wanna see what theyre tweeting Youre consuming  huge space   feed Sorry 
8,0, DiwaliSSR  One diya  the name  Sushant DiyaForSSR One diya  Sushant  lighten  his soul again amp  confident tht  would surely get Justice soon YehDiwaliSushantWali   God Ganesh Goddess Laxmi Today  come   requesting Justice  Sushant  give Justice  Sush  
9,1,listening  axel   crazy frog  know his name  crazy frog now 
10,0,These might just  the ugliest shoes weve seen all year  
11,1,Latino moms when they see    
12,0, Thats   true 
13,0,PLEASE     CHARITY SKYDIVE  HELP DISABLED ANIMALS   Next year   doing  selffunded skydive  raise MUCHNEEDED funds  help  rescue and treat sick injured and disabled animals  Please sponsor  with ANY amount large  small    
14,0, One brain cell and three teeth between the lot   Maybe theyre confused and wondering when the Cousin Fckers Not Anonymous  going  start 
15,0, you   
16,0, Very interesting Our lawn has lots  daisies butter cups and plantain The shaded areas are mostly moss  different types which are beautiful  never use pesticides  insecticides  have  wide variety  wildlife visitors who would suffer  embrace what  have 
17,0,  LMFAOOOO there are NOT  million people there you fking liar hahahahahahaha 
18,0,JENNIE fck  princess   king  
19,0,What  earth  going   
20,0,why the  they have  upload  now screAming bye 
21,0,Surgery  remove cancer    Hey guys please support and donate  this mother   who was recently diagnosed with cancer she requires immediate surgery 
22,0, will headline the  SBS Gayo Daejeon Festival  Christmas Day  
23,1,  did anyone get  fix for this yet    just need  reinstall the game 
24,1, They been playing way before than mampk gamers 
25,0, Hypnotize 
26,1,new  Anitwt and genshintwt  likert  you like genshin impact jojos bizarre adventure  the disastrous life  saiki  danganronpa devilman crybaby  beastars kakegurui studio ghibli    uwu  
27,0,What more  Throw back TeriGali promotion days   GuruRandhawa guru  
28,0,John just asked   wanted two pieces  pizza  three instead  one piece  pizza  two and   just meant  much    
29,0,     You 
30,0,What  stupid time   alive  
31,0,BareBackedIndianTerrorism  They never know until they are beaten that the person they are recruiting  harm Pakistan belongs  nightmare  enemies Yes  talking about ISI            
32,0,More than grateful for the close ones the ones that keep  going may  never lose such friendships 
33,0,Sending You Smiles For Every Moment  Your Special Day Have  Wonderful Time And  Very Happy Diwali  
34,0,  Kary Mullis PCR inventor said something along the lines  the only way  stop HIV was  stop funding  may not   exact quote 
35,0,Latest News  Scientist say USA has crossed threshold   return  Covid  extraordinary measures  Nationwide Vaccine Lock Downs  Nationwide Mask Its  Phase  Exponential Superspreader thanks  TRUMP and his SupportersTrumpVirus Pandemic RepublicanVirus  
36,0,This MillionMAGAMarch feels like Biological Terrorism like all these people from all over gathering     mask  
37,0,Wahala for who  get grace  Its the background song for    
38,0,Podcast    
39,0, Thats why the wall   fucking waste 
40,0, love yharryoEdwardustyles     THIS MADE YOU CRY   voting for Fine Line for Favorite Album  PopRock  the AMAs  
41,0,  Nah this doesnt bypass the laws  computer physics unfortunatelyYou can install the  trial though and use  studio asio which doesnt have  exclusivity   workaround 
42,0, least  didnt feature our oppressors  
43,0,Nobody  forcing you  close your accounts with Access Bank  But let  assure you that  the government ever decides  perform  raid  those who have spoken  against  Access Bank will willingly give  your home address   bank that doesnt respect the rule  law 
44,0, you think this rhetoric promotes division and fear you should probably check out some sermons from  predecessor  Ebenezer Baptist Church  minister named Martin Luther King  Folks like you said the same thing about him  the   
45,0,exo wouldve served  hard with  royalty concept  
46,0,  just  starting out  this world  cant even get the pronunciation  the names right  mirai has become Maria  many times 
47,0,Davidos ABT streams are counting  millions that boy too stubborn  
48,0,Grace  Faith France   
49,0,Coming  Monday   interview Devin Bunten about her  joint wLyndsey Rolheiser  People  Parking  They model car bans  two cities Phoenix amp Manhattan both with amp without land use reform revealing  deep nexus between   
50,0,lrt obsessed  their phone guy design 
51,0,thank you god  was blessed   big butt 
52,0,  show your latin music appreciation amp how proud  are  collab  one   idols  posting  pic  your grammys plz   
53,0,    Keep crying 
54,0,still hoping for   release  official video for      
55,0,self produced means involved  ARTISTIC aspects  does NOT mean that the boys themselves are printing and packing the album and cds  their bare hands and posting the countdown thats bighit and the interns job  cant believe  explaining this 
56,0,Parents often check out  their adolescent children which  not what you want   since theyre highly impressionable and take too many cues from their peers Parents have  mitigate that wcontrolling the environment  best they can amp plan for that when theyre young 
57,0,   living this nightmare now wmy toxic hometown  working from over  miles away trying  keep  family safe  the midst    wave here  aunt was exposed  jerks like this even though she was careful Shes still  ICU   mad right now  could spit nails 
58,0,  the window   plane fell off and one  the pilots got sucked out  they just held onto his legs while the plane landed  
59,0,Blessed  another year  style and grace Lost and Learned  lot but the life  close still goes  Grateful  say the least  Happy Birthday  myself  deserve     RightBFoundersDay         
60,0,all  yall who have  lash tech ask them  theyre licensed not certified 
61,0,Getting  little mucky travel periscopeTV dogcelebration TeddyTales   
62,0,BBC CumTribute available for cute young sluts  Follow amp  daddy  pics 
63,1,GEM CITY BOWL  Championships Pee Wee Football  
64,0,  love thisI really like the BampW colorscheme and that little mustache  the skeletonIt also looks lifelike  well 
65,0,  need the rice   wings line why dont anyone  prov sell rice besides the Spanish ppl 
66,0,Sometimes  just need  listen  sleeping  sirens know what  mean 
67,0,   like them  the future   loml  
68,0,one thing about  scorpio  once  get pass tht facade  them pretending they not obsessed    you got  loyal companion friendship 
69,0,aiight  you got  child bills ppl depending  you and you just got off   felony meaning you probably cant leave the country  even the state for some time not   judge saying  right 
70,0,OTD  DezNat HistoryOn November   President Howard  Hunter was born  Boise IdahoTrue greatnessalways requires regular consistent small and sometimes ordinary and mundane steps over  long period  time  
71,0, cant afford another soul tie  the wrong soul  
72,0,AMAZING Can hear you all from the West Wing Colonnade  beautiful day  Washington  THANK YOU PATRIOTS MAGA   
73,0,Menstruating  not Nasty and unfortunate that should only  used  describe their mental illness and life yearn  get their dck cut inside out  feel like   
